<?xml version="1.0" encoding="UTF-8" standalone="yes"?>
<addon id="plugin.video.greenflix" name="Green Flix" version="0.2.5" provider-name="SrTriste">
	<requires>
		<import addon="script.module.six" />
		<import addon="script.module.kodi-six" />
		<import addon="script.module.requests" optional="true"/>
		<import addon="script.module.websocket" version="0.50.0"  optional="true"/>
		<import addon="script.module.youtube.dl" optional="true"/>
		<import addon="plugin.video.youtube" optional="true" />
		<import addon="script.module.dateutil" optional="true" />
		<import addon="script.module.resolveurl" optional="true"/>
		<import addon="script.module.urlresolver" optional="true"/>
		<import addon="script.module.cloudscraper" optional="true"/>
		<import addon="script.module.inputstreamhelper" optional="true"/>
		<import addon="script.module.slproxy" optional="true"/>
	</requires>
	<extension point="xbmc.python.pluginsource" library="default.py">
		<provides>video</provides>
	</extension>

	<extension point="xbmc.addon.metadata">
		<summary>Green Flix é o seu portal definitivo para uma experiência cinematográfica eco-friendly!</summary>
		<description>
Green Flix é o seu portal definitivo para uma experiência cinematográfica eco-friendly! Explore uma vasta biblioteca de séries e filmes, tudo isso enquanto promove práticas sustentáveis. Com uma seleção diversificada de conteúdo, desde clássicos atemporais até as últimas tendências, Green Flix oferece entretenimento de alta qualidade com um compromisso com o meio ambiente. Junte-se a nós nesta jornada única, onde cada visualização é uma oportunidade para inspirar mudanças positivas no mundo, uma tela de cada vez.	
		</description>
		<platform>all</platform>
		<assets>
			<icon>icon.png</icon>
			<fanart>fanart.jpg</fanart>
		</assets>
	</extension>
</addon>
